{"cameraMode":{"drawMode":0,"name":"Shaded","section":"Shading Mode"},"sceneLighting":true,"audioPlay":false,"sceneViewState":{"m_AlwaysRefresh":false,"showFog":true,"showSkybox":true,"showFlares":true,"showImageEffects":true,"showParticleSystems":true,"showVisualEffectGraphs":true,"m_FxEnabled":true},"in2DMode":false,"pivot":{"x":-0.37553170323371889,"y":0.21772144734859467,"z":-1.5191932916641236},"rotation":{"x":0.013030690141022206,"y":-0.9858655333518982,"z":0.13933125138282777,"w":0.09224813431501389},"size":1.2684458494186402,"orthographic":false}