{"cameraMode":{"drawMode":0,"name":"Shaded","section":"Shading Mode"},"sceneLighting":false,"audioPlay":false,"sceneViewState":{"m_AlwaysRefresh":false,"showFog":false,"showSkybox":false,"showFlares":false,"showImageEffects":false,"showParticleSystems":false,"showVisualEffectGraphs":true,"m_FxEnabled":true},"in2DMode":false,"pivot":{"x":0.022396771237254144,"y":0.7130674719810486,"z":-0.12868694961071015},"rotation":{"x":0.014934024773538113,"y":-0.9725493788719177,"z":0.0651588961482048,"w":0.2228965312242508},"size":0.3026042878627777,"orthographic":false}