{"cameraMode":{"drawMode":0,"name":"Shaded","section":"Shading Mode"},"sceneLighting":false,"audioPlay":false,"sceneViewState":{"m_AlwaysRefresh":false,"showFog":true,"showSkybox":false,"showFlares":true,"showImageEffects":true,"showParticleSystems":true,"showVisualEffectGraphs":true,"m_FxEnabled":true},"in2DMode":false,"pivot":{"x":0.5032817125320435,"y":0.4445987939834595,"z":-0.21076487004756928},"rotation":{"x":-0.02278163470327854,"y":-0.826009213924408,"z":0.03347181901335716,"w":-0.5622002482414246},"size":0.5855864882469177,"orthographic":false}